{
	"Africa": {
		"RegionName": "Africa",
		"ImagePath": "/images/regions/africa.jpg",
		"RegionDescription": "x y z",
		"Countries": [
			{
				"TravelAdvice": "http://smartraveller.gov.au/Countries/africa/north/Pages/algeria.aspx",
				"CountryName": "Algeria",
				"CountryCode": "dz",
				"Priority": 1,
				"ImagePath": "",
				"CountryDescription": "",
				"Show": true
			},

			{
				"TravelAdvice": "http://smartraveller.gov.au/Countries/africa/central/Pages/angola.aspx",
				"CountryName": "Angola",
				"CountryCode": "ao",
				"Priority": 1,
				"ImagePath": "",
				"CountryDescription": "",
				"Show": true
			},

			{
				"TravelAdvice": "http://smartraveller.gov.au/Countries/africa/west/Pages/benin.aspx",
				"CountryName": "Benin",
				"CountryCode": "bj",
				"Priority": 1,
				"ImagePath": "",
				"CountryDescription": "",
				"Show": true
			},

			{
				"TravelAdvice": "http://smartraveller.gov.au/Countries/africa/east/Pages/burundi.aspx",
				"CountryName": "Burundi",
				"CountryCode": "bi",
				"Priority": 1,
				"ImagePath": "",
				"CountryDescription": "",
				"Show": false
			},

			{
				"TravelAdvice": "http://smartraveller.gov.au/Countries/africa/southern/Pages/botswana.aspx",
				"CountryName": "Botswana",
				"CountryCode": "bw",
				"Priority": 1,
				"ImagePath": "",
				"CountryDescription": "",
				"Show": true
			},

			{
				"TravelAdvice": "http://smartraveller.gov.au/Countries/africa/west/Pages/burkina_faso.aspx",
				"CountryName": "Burkina Faso",
				"CountryCode": "bf",
				"Priority": 1,
				"ImagePath": "",
				"CountryDescription": "",
				"Show": true
			},

			{
				"TravelAdvice": "http://smartraveller.gov.au/Countries/africa/central/Pages/cameroon.aspx",
				"CountryName": "Cameroon",
				"CountryCode": "cm",
				"Priority": 1,
				"ImagePath": "",
				"CountryDescription": "",
				"Show": true
			},

			{
				"TravelAdvice": "http://smartraveller.gov.au/Countries/africa/west/Pages/ivory_coast.aspx",
				"CountryName": "C�te d'Ivoire (Ivory Coast)",
				"CountryCode": "ci",
				"Priority": 1,
				"ImagePath": "",
				"CountryDescription": "",
				"Show": true
			},

			{
				"TravelAdvice": "https://www.gov.uk/foreign-travel-advice/cape-verde",
				"CountryName": "Cabo Verde (Cape Verde)",
				"CountryCode": "cv",
				"Priority": 1,
				"ImagePath": "",
				"CountryDescription": "",
				"Show": true
			},

			{
				"TravelAdvice": "https://www.gov.uk/foreign-travel-advice/comoros",
				"CountryName": "Comoros",
				"CountryCode": "km",
				"Priority": 1,
				"ImagePath": "",
				"CountryDescription": "",
				"Show": true
			},

			{
				"TravelAdvice": "http://smartraveller.gov.au/Countries/africa/central/Pages/chad.aspx",
				"CountryName": "Chad",
				"CountryCode": "td",
				"Priority": 1,
				"ImagePath": "",
				"CountryDescription": "",
				"Show": false
			},

			{
				"TravelAdvice": "http://smartraveller.gov.au/Countries/africa/central/Pages/central_african_republic.aspx",
				"CountryName": "Central African Republic",
				"CountryCode": "cf",
				"Priority": 1,
				"ImagePath": "",
				"CountryDescription": "",
				"Show": false
			},

			{
				"TravelAdvice": "http://smartraveller.gov.au/Countries/africa/east/Pages/djibouti.aspx",
				"CountryName": "Djibouti",
				"CountryCode": "dj",
				"Priority": 1,
				"ImagePath": "",
				"CountryDescription": "",
				"Show": true
			},

			{
				"TravelAdvice": "http://smartraveller.gov.au/Countries/africa/central/Pages/democratic_republic_of_the_congo.aspx",
				"CountryName": "Democratic Republic of Congo",
				"CountryCode": "cd",
				"Priority": 1,
				"ImagePath": "",
				"CountryDescription": "",
				"Show": true
			},

			{
				"TravelAdvice": "http://smartraveller.gov.au/Countries/africa/east/Pages/eritrea.aspx",
				"CountryName": "Eritrea",
				"CountryCode": "er",
				"Priority": 1,
				"ImagePath": "",
				"CountryDescription": "",
				"Show": true
			},

			{
				"TravelAdvice": "http://smartraveller.gov.au/Countries/africa/east/Pages/ethiopia.aspx",
				"CountryName": "Ethiopia",
				"CountryCode": "et",
				"Priority": 1,
				"ImagePath": "",
				"CountryDescription": "",
				"Show": true
			},

			{
				"TravelAdvice": "https://www.gov.uk/foreign-travel-advice/equatorial-guinea",
				"CountryName": "Equatorial Guinea",
				"CountryCode": "gq",
				"Priority": 1,
				"ImagePath": "",
				"CountryDescription": "",
				"Show": true
			},

			{
				"TravelAdvice": "http://smartraveller.gov.au/Countries/africa/north/Pages/egypt.aspx",
				"CountryName": "Egypt",
				"CountryCode": "eg",
				"Priority": 1,
				"ImagePath": "",
				"CountryDescription": "",
				"Show": true
			},

			{
				"TravelAdvice": "http://smartraveller.gov.au/Countries/africa/central/Pages/gabon.aspx",
				"CountryName": "Gabon",
				"CountryCode": "ga",
				"Priority": 1,
				"ImagePath": "",
				"CountryDescription": "",
				"Show": true
			},

			{
				"TravelAdvice": "http://smartraveller.gov.au/Countries/africa/west/Pages/guinea.aspx",
				"CountryName": "Guinea",
				"CountryCode": "gn",
				"Priority": 1,
				"ImagePath": "",
				"CountryDescription": "",
				"Show": true
			},

			{
				"TravelAdvice": "http://smartraveller.gov.au/Countries/africa/west/Pages/ghana.aspx",
				"CountryName": "Ghana",
				"CountryCode": "gh",
				"Priority": 1,
				"ImagePath": "",
				"CountryDescription": "",
				"Show": true
			},

			{
				"TravelAdvice": "https://www.gov.uk/foreign-travel-advice/guinea-bissau",
				"CountryName": "Guinea-Bissau",
				"CountryCode": "gw",
				"Priority": 1,
				"ImagePath": "",
				"CountryDescription": "",
				"Show": true
			},

			{
				"TravelAdvice": "http://smartraveller.gov.au/Countries/africa/east/Pages/kenya.aspx",
				"CountryName": "Kenya",
				"CountryCode": "ke",
				"Priority": 1,
				"ImagePath": "",
				"CountryDescription": "",
				"Show": true
			},

			{
				"TravelAdvice": "http://smartraveller.gov.au/Countries/africa/north/Pages/libya.aspx",
				"CountryName": "Libya",
				"CountryCode": "ly",
				"Priority": 1,
				"ImagePath": "",
				"CountryDescription": "",
				"Show": false
			},

			{
				"TravelAdvice": "http://smartraveller.gov.au/Countries/africa/southern/Pages/lesotho.aspx",
				"CountryName": "Lesotho",
				"CountryCode": "ls",
				"Priority": 1,
				"ImagePath": "",
				"CountryDescription": "",
				"Show": true
			},

			{
				"TravelAdvice": "http://smartraveller.gov.au/Countries/africa/west/Pages/liberia.aspx",
				"CountryName": "Liberia",
				"CountryCode": "lr",
				"Priority": 1,
				"ImagePath": "",
				"CountryDescription": "",
				"Show": true
			},

			{
				"TravelAdvice": "http://smartraveller.gov.au/Countries/africa/west/Pages/mali.aspx",
				"CountryName": "Mali",
				"CountryCode": "ml",
				"Priority": 1,
				"ImagePath": "",
				"CountryDescription": "",
				"Show": false
			},

			{
				"TravelAdvice": "http://smartraveller.gov.au/Countries/africa/east/Pages/madagascar.aspx",
				"CountryName": "Madagascar",
				"CountryCode": "mg",
				"Priority": 1,
				"ImagePath": "",
				"CountryDescription": "",
				"Show": true
			},

			{
				"TravelAdvice": "http://smartraveller.gov.au/Countries/africa/east/Pages/malawi.aspx",
				"CountryName": "Malawi",
				"CountryCode": "mw",
				"Priority": 1,
				"ImagePath": "",
				"CountryDescription": "",
				"Show": true
			},

			{
				"TravelAdvice": "http://smartraveller.gov.au/Countries/africa/east/Pages/mozambique.aspx",
				"CountryName": "Mozambique",
				"CountryCode": "mz",
				"Priority": 1,
				"ImagePath": "",
				"CountryDescription": "",
				"Show": true
			},

			{
				"TravelAdvice": "http://smartraveller.gov.au/Countries/africa/west/Pages/mauritania.aspx",
				"CountryName": "Mauritania",
				"CountryCode": "mr",
				"Priority": 1,
				"ImagePath": "",
				"CountryDescription": "",
				"Show": false
			},

			{
				"TravelAdvice": "http://smartraveller.gov.au/Countries/africa/east/Pages/mauritius.aspx",
				"CountryName": "Mauritius",
				"CountryCode": "mu",
				"Priority": 1,
				"ImagePath": "",
				"CountryDescription": "",
				"Show": true
			},

			{
				"TravelAdvice": "http://smartraveller.gov.au/Countries/africa/north/Pages/morocco.aspx",
				"CountryName": "Morocco",
				"CountryCode": "ma",
				"Priority": 1,
				"ImagePath": "",
				"CountryDescription": "",
				"Show": true
			},

			{
				"TravelAdvice": "http://smartraveller.gov.au/Countries/africa/west/Pages/niger.aspx",
				"CountryName": "Niger",
				"CountryCode": "ne",
				"Priority": 1,
				"ImagePath": "",
				"CountryDescription": "",
				"Show": false
			},

			{
				"TravelAdvice": "http://smartraveller.gov.au/Countries/africa/west/Pages/nigeria.aspx",
				"CountryName": "Nigeria",
				"CountryCode": "ng",
				"Priority": 1,
				"ImagePath": "",
				"CountryDescription": "",
				"Show": true
			},


			{
				"TravelAdvice": "http://smartraveller.gov.au/Countries/africa/southern/Pages/namibia.aspx",
				"CountryName": "Namibia",
				"CountryCode": "na",
				"Priority": 1,
				"ImagePath": "",
				"CountryDescription": "",
				"Show": true
			},

			{
				"TravelAdvice": "https://www.gov.uk/foreign-travel-advice/congo",
				"CountryName": " The Republic of Congo",
				"CountryCode": "cg",
				"Priority": 1,
				"ImagePath": "",
				"CountryDescription": "",
				"Show": true
			},
			{
				"TravelAdvice": "https://www.gov.uk/foreign-travel-advice/congo",
				"CountryName": " The Republic of Congo",
				"CountryCode": "cg",
				"Priority": 1,
				"ImagePath": "",
				"CountryDescription": "",
				"Show": true
			},

			{
				"TravelAdvice": "http://smartraveller.gov.au/Countries/africa/east/Pages/rwanda.aspx",
				"CountryName": "Rwanda",
				"CountryCode": "rw",
				"Priority": 1,
				"ImagePath": "",
				"CountryDescription": "",
				"Show": true
			},

			{
				"TravelAdvice": "http://smartraveller.gov.au/Countries/africa/west/Pages/senegal.aspx",
				"CountryName": "Senegal",
				"CountryCode": "sn",
				"Priority": 1,
				"ImagePath": "",
				"CountryDescription": "",
				"Show": true
			},

			{
				"TravelAdvice": "http://smartraveller.gov.au/Countries/africa/east/Pages/seychelles.aspx",
				"CountryName": "Seychelles",
				"CountryCode": "sc",
				"Priority": 1,
				"ImagePath": "",
				"CountryDescription": "",
				"Show": true
			},

			{
				"TravelAdvice": "http://smartraveller.gov.au/Countries/africa/north/Pages/sudan.aspx",
				"CountryName": "Sudan",
				"CountryCode": "sd",
				"Priority": 1,
				"ImagePath": "",
				"CountryDescription": "",
				"Show": true
			},

			{
				"TravelAdvice": "http://smartraveller.gov.au/Countries/africa/southern/Pages/swaziland.aspx",
				"CountryName": "Swaziland",
				"CountryCode": "sz",
				"Priority": 1,
				"ImagePath": "",
				"CountryDescription": "",
				"Show": true
			},

			{
				"TravelAdvice": "http://smartraveller.gov.au/Countries/africa/east/Pages/somalia.aspx",
				"CountryName": "Somalia",
				"CountryCode": "so",
				"Priority": 1,
				"ImagePath": "",
				"CountryDescription": "",
				"Show": false
			},

			{
				"TravelAdvice": "http://smartraveller.gov.au/Countries/africa/southern/Pages/south_africa.aspx",
				"CountryName": "South Africa",
				"CountryCode": "za",
				"Priority": 1,
				"ImagePath": "",
				"CountryDescription": "",
				"Show": true
			},

			{
				"TravelAdvice": "https://www.gov.uk/foreign-travel-advice/sao-tome-and-principe",
				"CountryName": "S�o Tom� and Principe",
				"CountryCode": "st",
				"Priority": 1,
				"ImagePath": "",
				"CountryDescription": "",
				"Show": true
			},

			{
				"TravelAdvice": "http://smartraveller.gov.au/Countries/africa/west/Pages/sierra_leone.aspx",
				"CountryName": "Sierra Leone",
				"CountryCode": "sl",
				"Priority": 1,
				"ImagePath": "",
				"CountryDescription": "",
				"Show": true
			},

			{
				"TravelAdvice": "http://smartraveller.gov.au/Countries/africa/west/Pages/sierra_leone.aspx",
				"CountryName": "Sierra Leone",
				"CountryCode": "sl",
				"Priority": 1,
				"ImagePath": "",
				"CountryDescription": "",
				"Show": true
			},

			{
				"TravelAdvice": "http://smartraveller.gov.au/Countries/africa/east/Pages/south_sudan.aspx",
				"CountryName": "South Sudan",
				"CountryCode": "ss",
				"Priority": 1,
				"ImagePath": "",
				"CountryDescription": "",
				"Show": false
			},

			{
				"TravelAdvice": "http://smartraveller.gov.au/Countries/africa/west/Pages/gambia.aspx",
				"CountryName": "The Gambia",
				"CountryCode": "gm",
				"Priority": 1,
				"ImagePath": "",
				"CountryDescription": "",
				"Show": true
			},

			{
				"TravelAdvice": "https://www.gov.uk/foreign-travel-advice/togo",
				"CountryName": "Togo",
				"CountryCode": "tg",
				"Priority": 1,
				"ImagePath": "",
				"CountryDescription": "",
				"Show": true
			},


			{
				"TravelAdvice": "http://smartraveller.gov.au/Countries/africa/north/Pages/tunisia.aspx",
				"CountryName": "Tunisia",
				"CountryCode": "tn",
				"Priority": 1,
				"ImagePath": "",
				"CountryDescription": "",
				"Show": true
			},


			{
				"TravelAdvice": "http://smartraveller.gov.au/Countries/africa/east/Pages/tanzania.aspx",
				"CountryName": "Tanzania",
				"CountryCode": "tz",
				"Priority": 1,
				"ImagePath": "",
				"CountryDescription": "",
				"Show": true
			},

			{
				"TravelAdvice": "http://smartraveller.gov.au/Countries/africa/east/Pages/uganda.aspx",
				"CountryName": "Uganda",
				"CountryCode": "ug",
				"Priority": 1,
				"ImagePath": "",
				"CountryDescription": "",
				"Show": true
			},

			{
				"TravelAdvice": "http://smartraveller.gov.au/Countries/africa/east/Pages/zambia.aspx",
				"CountryName": "Zambia",
				"CountryCode": "zm",
				"Priority": 1,
				"ImagePath": "",
				"CountryDescription": "",
				"Show": true
			},

			{
				"TravelAdvice": "http://smartraveller.gov.au/Countries/africa/east/Pages/zimbabwe.aspx",
				"CountryName": "Zimbabwe",
				"CountryCode": "zw",
				"Priority": 1,
				"ImagePath": "",
				"CountryDescription": "",
				"Show": true
			}

			]
	},

	"Asia": {
		"RegionName": "Asia",
		"ImagePath": "/images/regions/asia.jpg",
		"RegionDescription": "x y z",
		"Countries": [
			{
				"TravelAdvice": "http://smartraveller.gov.au/Countries/asia/south/Pages/afghanistan.aspx",
				"CountryName": "Afghanistan",
				"CountryCode": "af",
				"Priority": 1,
				"ImagePath": "",
				"CountryDescription": "",
				"Show": false
			},

			{
				"TravelAdvice": "http://smartraveller.gov.au/Countries/asia/south/Pages/bhutan.aspx",
				"CountryName": "Bhutan",
				"CountryCode": "bt",
				"Priority": 1,
				"ImagePath": "",
				"CountryDescription": "",
				"Show": true
			},

			{
				"TravelAdvice": "http://smartraveller.gov.au/Countries/asia/south/Pages/bangladesh.aspx",
				"CountryName": "Bangladesh",
				"CountryCode": "bd",
				"Priority": 1,
				"ImagePath": "",
				"CountryDescription": "",
				"Show": true
			},

			{
				"TravelAdvice": "http://smartraveller.gov.au/Countries/asia/south-east/Pages/brunei_darussalam.aspx",
				"CountryName": "Brunei Darussalam",
				"CountryCode": "bn",
				"Priority": 1,
				"ImagePath": "",
				"CountryDescription": "",
				"Show": true
			},

			{
				"TravelAdvice": "http://smartraveller.gov.au/Countries/asia/south-east/Pages/cambodia.aspx",
				"CountryName": "Cambodia",
				"CountryCode": "kh",
				"Priority": 1,
				"ImagePath": "",
				"CountryDescription": "",
				"Show": true
			},

			{
				"TravelAdvice": "http://smartraveller.gov.au/Countries/asia/north/Pages/china.aspx",
				"CountryName": "China",
				"CountryCode": "cn",
				"Priority": 1,
				"ImagePath": "",
				"CountryDescription": "",
				"Show": true
			},

			{
				"TravelAdvice": "http://smartraveller.gov.au/Countries/asia/south-east/Pages/indonesia.aspx",
				"CountryName": "Indonesia",
				"CountryCode": "id",
				"Priority": 1,
				"ImagePath": "",
				"CountryDescription": "",
				"Show": true
			},

			{
				"TravelAdvice": "http://smartraveller.gov.au/Countries/asia/south/Pages/india.aspx",
				"CountryName": "India",
				"CountryCode": "in",
				"Priority": 1,
				"ImagePath": "",
				"CountryDescription": "",
				"Show": true
			},


			{
				"TravelAdvice": "http://smartraveller.gov.au/Countries/asia/north/Pages/japan.aspx",
				"CountryName": "Japan",
				"CountryCode": "jp",
				"Priority": 1,
				"ImagePath": "",
				"CountryDescription": "",
				"Show": true
			},

			{
				"TravelAdvice": "http://smartraveller.gov.au/Countries/asia/central/Pages/kyrgyz_republic.aspx",
				"CountryName": "Kyrgyz Republic (Kyrgyzstan)",
				"CountryCode": "kg",
				"Priority": 1,
				"ImagePath": "",
				"CountryDescription": "",
				"Show": true
			},

			{
				"TravelAdvice": "http://smartraveller.gov.au/Countries/asia/central/Pages/kazakhstan.aspx",
				"CountryName": "Kazakhstan",
				"CountryCode": "kz",
				"Priority": 1,
				"ImagePath": "",
				"CountryDescription": "",
				"Show": true
			},

			{
				"TravelAdvice": "http://smartraveller.gov.au/Countries/asia/south-east/Pages/laos.aspx",
				"CountryName": "Laos",
				"CountryCode": "la",
				"Priority": 1,
				"ImagePath": "",
				"CountryDescription": "",
				"Show": true
			},


			{
				"TravelAdvice": "http://smartraveller.gov.au/Countries/asia/north/Pages/mongolia.aspx",
				"CountryName": "Mongolia",
				"CountryCode": "mn",
				"Priority": 1,
				"ImagePath": "",
				"CountryDescription": "",
				"Show": true
			},
			{
				"TravelAdvice": "http://smartraveller.gov.au/Countries/asia/south-east/Pages/malaysia.aspx",
				"CountryName": "Malaysia",
				"CountryCode": "my",
				"Priority": 1,
				"ImagePath": "",
				"CountryDescription": "",
				"Show": true
			},
			{
				"TravelAdvice": "http://smartraveller.gov.au/Countries/asia/south/Pages/maldives.aspx",
				"CountryName": "Maldives",
				"CountryCode": "mv",
				"Priority": 1,
				"ImagePath": "",
				"CountryDescription": "",
				"Show": true
			},

			{
				"TravelAdvice": "http://smartraveller.gov.au/Countries/asia/south-east/Pages/myanmar.aspx",
				"CountryName": "Myanmar (Burma)",
				"CountryCode": "mm",
				"Priority": 1,
				"ImagePath": "",
				"CountryDescription": "",
				"Show": true
			},

			{
				"TravelAdvice": "http://smartraveller.gov.au/Countries/asia/south/Pages/nepal.aspx",
				"CountryName": "Nepal",
				"CountryCode": "np",
				"Priority": 1,
				"ImagePath": "",
				"CountryDescription": "",
				"Show": true
			},


			{
				"TravelAdvice": "http://smartraveller.gov.au/Countries/asia/south/Pages/pakistan.aspx",
				"CountryName": "Pakistan",
				"CountryCode": "pk",
				"Priority": 1,
				"ImagePath": "",
				"CountryDescription": "",
				"Show": true
			},

			{
				"TravelAdvice": "http://smartraveller.gov.au/Countries/asia/south-east/Pages/philippines.aspxx",
				"CountryName": "Philippines",
				"CountryCode": "ph",
				"Priority": 1,
				"ImagePath": "",
				"CountryDescription": "",
				"Show": true
			},

			{
				"TravelAdvice": "http://smartraveller.gov.au/Countries/asia/south-east/Pages/singapore.aspx",
				"CountryName": "Singapore",
				"CountryCode": "sg",
				"Priority": 1,
				"ImagePath": "",
				"CountryDescription": "",
				"Show": true
			},

			{
				"TravelAdvice": "http://smartraveller.gov.au/Countries/asia/north/Pages/north_korea.aspx",
				"CountryName": "North Korea",
				"CountryCode": "kp",
				"Priority": 1,
				"ImagePath": "",
				"CountryDescription": "",
				"Show": true
			},

			{
				"TravelAdvice": "http://smartraveller.gov.au/Countries/asia/south/Pages/sri_lanka.aspx",
				"CountryName": "Sri Lanka",
				"CountryCode": "lk",
				"Priority": 1,
				"ImagePath": "",
				"CountryDescription": "",
				"Show": true
			},

			{
				"TravelAdvice": "http://smartraveller.gov.au/Countries/asia/north/Pages/south_korea.aspx",
				"CountryName": "South Korea",
				"CountryCode": "kr",
				"Priority": 1,
				"ImagePath": "",
				"CountryDescription": "",
				"Show": true
			},

			{
				"TravelAdvice": "http://smartraveller.gov.au/Countries/asia/central/Pages/tajikistan.aspx",
				"CountryName": "Tajikistan",
				"CountryCode": "tj",
				"Priority": 1,
				"ImagePath": "",
				"CountryDescription": "",
				"Show": true
			},


			{
				"TravelAdvice": "http://smartraveller.gov.au/Countries/asia/central/Pages/turkmenistan.aspx",
				"CountryName": "Turkmenistan",
				"CountryCode": "tm",
				"Priority": 1,
				"ImagePath": "",
				"CountryDescription": "",
				"Show": true
			},

			{
				"TravelAdvice": "http://smartraveller.gov.au/Countries/asia/south-east/Pages/thailand.aspx",
				"CountryName": "Thailand",
				"CountryCode": "th",
				"Priority": 1,
				"ImagePath": "",
				"CountryDescription": "",
				"Show": true
			},


			{
				"TravelAdvice": "http://smartraveller.gov.au/Countries/asia/north/Pages/taiwan.aspx",
				"CountryName": "Taiwan",
				"CountryCode": "tw",
				"Priority": 1,
				"ImagePath": "",
				"CountryDescription": "",
				"Show": true
			},


			{
				"TravelAdvice": "http://smartraveller.gov.au/Countries/asia/south-east/Pages/timor_leste.aspx",
				"CountryName": "East Timor (Timor-Leste)",
				"CountryCode": "tl",
				"Priority": 1,
				"ImagePath": "",
				"CountryDescription": "",
				"Show": true
			},


			{
				"TravelAdvice": "http://smartraveller.gov.au/Countries/asia/central/Pages/uzbekistan.aspx",
				"CountryName": "Uzbekistan",
				"CountryCode": "uz",
				"Priority": 1,
				"ImagePath": "",
				"CountryDescription": "",
				"Show": true
			},

			{
				"TravelAdvice": "http://smartraveller.gov.au/Countries/asia/south-east/Pages/vietnam.aspx",
				"CountryName": "Vietnam",
				"CountryCode": "vn",
				"Priority": 1,
				"ImagePath": "",
				"CountryDescription": "",
				"Show": true
			}


			]
	},

	"Australia, NZ & the Pacific": {
		"RegionName": "Australia, NZ & the Pacific",
		"ImagePath": "/images/regions/australia.jpg",
		"RegionDescription": "x y z",
		"Countries": [
			{
				"TravelAdvice": "https://www.gov.uk/foreign-travel-advice/australia",
				"CountryName": "Australia",
				"CountryCode": "au",
				"Priority": 1,
				"ImagePath": "",
				"CountryDescription": "",
				"Show": true
			},

			{
				"TravelAdvice": "http://smartraveller.gov.au/Countries/pacific/Pages/american_samoa.aspx",
				"CountryName": "American Samoa",
				"CountryCode": "as",
				"Priority": 1,
				"ImagePath": "",
				"CountryDescription": "",
				"Show": true
			},


			{
				"TravelAdvice": "http://smartraveller.gov.au/Countries/pacific/Pages/french_polynesia.aspx",
				"CountryName": "French Polynesia",
				"CountryCode": "pf",
				"Priority": 1,
				"ImagePath": "",
				"CountryDescription": "",
				"Show": true
			},

			{
				"TravelAdvice": "http://smartraveller.gov.au/Countries/pacific/Pages/federated_states_of_micronesia.aspx",
				"CountryName": "Federated States of Micronesia",
				"CountryCode": "fm",
				"Priority": 1,
				"ImagePath": "",
				"CountryDescription": "",
				"Show": true
			},

			{
				"TravelAdvice": "http://smartraveller.gov.au/Countries/pacific/Pages/fiji.aspx",
				"CountryName": "Fiji",
				"CountryCode": "fj",
				"Priority": 1,
				"ImagePath": "",
				"CountryDescription": "",
				"Show": true
			},

			{
				"TravelAdvice": "http://smartraveller.gov.au/Countries/pacific/Pages/kiribati.aspx",
				"CountryName": "Kiribati",
				"CountryCode": "ki",
				"Priority": 1,
				"ImagePath": "",
				"CountryDescription": "",
				"Show": true
			},

			{
				"TravelAdvice": "http://smartraveller.gov.au/Countries/pacific/Pages/marshall_islands.aspx",
				"CountryName": "Marshall Islands",
				"CountryCode": "mh",
				"Priority": 1,
				"ImagePath": "",
				"CountryDescription": "",
				"Show": true
			},

			{
				"TravelAdvice": "http://smartraveller.gov.au/Countries/pacific/Pages/nauru.aspx",
				"CountryName": "Nauru",
				"CountryCode": "nr",
				"Priority": 1,
				"ImagePath": "",
				"CountryDescription": "",
				"Show": true
			},


			{
				"TravelAdvice": "http://smartraveller.gov.au/Countries/pacific/Pages/new_caledonia.aspx",
				"CountryName": "New Caledonia",
				"CountryCode": "nc",
				"Priority": 1,
				"ImagePath": "",
				"CountryDescription": "",
				"Show": true
			},

			{
				"TravelAdvice": "http://smartraveller.gov.au/Countries/pacific/Pages/new_zealand.aspx",
				"CountryName": "New Zealand",
				"CountryCode": "nz",
				"Priority": 1,
				"ImagePath": "",
				"CountryDescription": "",
				"Show": true
			},

			{
				"TravelAdvice": "http://smartraveller.gov.au/Countries/pacific/Pages/niue.aspx",
				"CountryName": "Niue",
				"CountryCode": "nu",
				"Priority": 1,
				"ImagePath": "",
				"CountryDescription": "",
				"Show": true
			},

			{
				"TravelAdvice": "http://smartraveller.gov.au/Countries/pacific/Pages/palau.aspx",
				"CountryName": "Palau",
				"CountryCode": "pw",
				"Priority": 1,
				"ImagePath": "",
				"CountryDescription": "",
				"Show": true
			},

			{
				"TravelAdvice": "http://smartraveller.gov.au/Countries/pacific/Pages/papua_new_guinea.aspx",
				"CountryName": "Papua New Guinea",
				"CountryCode": "pg",
				"Priority": 1,
				"ImagePath": "",
				"CountryDescription": "",
				"Show": true
			},

			{
				"TravelAdvice": "http://smartraveller.gov.au/Countries/pacific/Pages/samoa.aspx",
				"CountryName": "Samoa",
				"CountryCode": "ws",
				"Priority": 1,
				"ImagePath": "",
				"CountryDescription": "",
				"Show": true
			},

			{
				"TravelAdvice": "http://smartraveller.gov.au/Countries/pacific/Pages/solomon_islands.aspx",
				"CountryName": "Solomon Islands",
				"CountryCode": "sb",
				"Priority": 1,
				"ImagePath": "",
				"CountryDescription": "",
				"Show": true
			},


			{
				"TravelAdvice": "http://smartraveller.gov.au/Countries/pacific/Pages/cook_islands.aspx",
				"CountryName": "Cook Islands",
				"CountryCode": "ck",
				"Priority": 1,
				"ImagePath": "",
				"CountryDescription": "",
				"Show": true
			},


			{
				"TravelAdvice": "http://smartraveller.gov.au/Countries/pacific/Pages/tonga.aspx",
				"CountryName": "Tongo",
				"CountryCode": "to",
				"Priority": 1,
				"ImagePath": "",
				"CountryDescription": "",
				"Show": true
			},


			{
				"TravelAdvice": "http://smartraveller.gov.au/Countries/pacific/Pages/tuvalu.aspx",
				"CountryName": "Tuvalu",
				"CountryCode": "tv",
				"Priority": 1,
				"ImagePath": "",
				"CountryDescription": "",
				"Show": true
			},

			{
				"TravelAdvice": "http://smartraveller.gov.au/Countries/pacific/Pages/vanuatu.aspx",
				"CountryName": "Vanuatu",
				"CountryCode": "vu",
				"Priority": 1,
				"ImagePath": "",
				"CountryDescription": "",
				"Show": true
			},

			{
				"TravelAdvice": "http://smartraveller.gov.au/Countries/pacific/Pages/wallis_and_futuna.aspx",
				"CountryName": "Wallis and Futuna",
				"CountryCode": "wf",
				"Priority": 1,
				"ImagePath": "",
				"CountryDescription": "",
				"Show": true
			},

			{
				"TravelAdvice": "http://smartraveller.gov.au/Countries/pacific/Pages/guam.aspx",
				"CountryName": "Guam",
				"CountryCode": "gu",
				"Priority": 1,
				"ImagePath": "",
				"CountryDescription": "",
				"Show": true
			},


			{
				"TravelAdvice": "http://smartraveller.gov.au/Countries/pacific/Pages/northern_mariana_islands.aspx",
				"CountryName": "Northern Mariana Islands",
				"CountryCode": "mp",
				"Priority": 1,
				"ImagePath": "",
				"CountryDescription": "",
				"Show": true
			}


			]

	},

	"Caribbean": {
		"RegionName": "Caribbean",
		"ImagePath": "/images/regions/caribbean.jpg",
		"RegionDescription": "x y z",
		"Countries": [
			{
				"TravelAdvice": "https://www.gov.uk/foreign-travel-advice/anguilla",
				"CountryName": "Anguilla",
				"CountryCode": "ai",
				"Priority": 1,
				"ImagePath": "",
				"CountryDescription": "",
				"Show": true
			},

			{
				"TravelAdvice": "https://www.gov.uk/foreign-travel-advice/antigua-and-barbuda",
				"CountryName": "Antigua and Barbuda",
				"CountryCode": "ag",
				"Priority": 1,
				"ImagePath": "",
				"CountryDescription": "",
				"Show": true
			},

			{
				"TravelAdvice": "https://www.gov.uk/foreign-travel-advice/aruba",
				"CountryName": "Aruba",
				"CountryCode": "ag",
				"Priority": 1,
				"ImagePath": "",
				"CountryDescription": "",
				"Show": true
			},

			{
				"TravelAdvice": "https://www.gov.uk/foreign-travel-advice/bonaire-st-eustatius-saba",
				"CountryName": "BES Islands (Bonaire, Sint Eustatius and Saba)",
				"CountryCode": "bq",
				"Priority": 1,
				"ImagePath": "",
				"CountryDescription": "",
				"Show": true
			},

			{
				"TravelAdvice": "https://www.gov.uk/foreign-travel-advice/barbados",
				"CountryName": "Barbados",
				"CountryCode": "bb",
				"Priority": 1,
				"ImagePath": "",
				"CountryDescription": "",
				"Show": true
			},


			{
				"TravelAdvice": "https://www.gov.uk/foreign-travel-advice/british-virgin-islands",
				"CountryName": "British Virgin Islands",
				"CountryCode": "vg",
				"Priority": 1,
				"ImagePath": "",
				"CountryDescription": "",
				"Show": true
			},


			{
				"TravelAdvice": "https://www.gov.uk/foreign-travel-advice/cayman-islands",
				"CountryName": "Cayman Islands",
				"CountryCode": "ky",
				"Priority": 1,
				"ImagePath": "",
				"CountryDescription": "",
				"Show": true
			},


			{
				"TravelAdvice": "http://smartraveller.gov.au/Countries/americas/caribbean/Pages/cuba.aspx",
				"CountryName": "Cuba",
				"CountryCode": "cu",
				"Priority": 1,
				"ImagePath": "",
				"CountryDescription": "",
				"Show": true
			},

			{
				"TravelAdvice": "https://www.gov.uk/foreign-travel-advice/curacao",
				"CountryName": "Cura�ao",
				"CountryCode": "cw",
				"Priority": 1,
				"ImagePath": "",
				"CountryDescription": "",
				"Show": true
			},

			{
				"TravelAdvice": "http://smartraveller.gov.au/Countries/americas/caribbean/Pages/dominican_republic.aspx",
				"CountryName": "Dominican Republic",
				"CountryCode": "do",
				"Priority": 1,
				"ImagePath": "",
				"CountryDescription": "",
				"Show": true
			},

			{
				"TravelAdvice": "https://www.gov.uk/foreign-travel-advice/dominica",
				"CountryName": "Dominica",
				"CountryCode": "dm",
				"Priority": 1,
				"ImagePath": "",
				"CountryDescription": "",
				"Show": true
			},

			{
				"TravelAdvice": "https://www.gov.uk/foreign-travel-advice/guadeloupe",
				"CountryName": "Guadeloupe",
				"CountryCode": "gp",
				"Priority": 1,
				"ImagePath": "",
				"CountryDescription": "",
				"Show": true
			},

			{
				"TravelAdvice": "https://www.gov.uk/foreign-travel-advice/grenada",
				"CountryName": "Grenada",
				"CountryCode": "gd",
				"Priority": 1,
				"ImagePath": "",
				"CountryDescription": "",
				"Show": true
			},

			{
				"TravelAdvice": "http://smartraveller.gov.au/Countries/americas/caribbean/Pages/haiti.aspx",
				"CountryName": "Haiti",
				"CountryCode": "ht",
				"Priority": 1,
				"ImagePath": "",
				"CountryDescription": "",
				"Show": true
			},


			{
				"TravelAdvice": "http://smartraveller.gov.au/Countries/americas/caribbean/Pages/jamaica.aspx",
				"CountryName": "Jamaica",
				"CountryCode": "jm",
				"Priority": 1,
				"ImagePath": "",
				"CountryDescription": "",
				"Show": true
			},

			{
				"TravelAdvice": "https://www.gov.uk/foreign-travel-advice/montserrat",
				"CountryName": "Montserrat",
				"CountryCode": "ms",
				"Priority": 1,
				"ImagePath": "",
				"CountryDescription": "",
				"Show": true
			},

			{
				"TravelAdvice": "https://www.gov.uk/foreign-travel-advice/martinique",
				"CountryName": "Martinique",
				"CountryCode": "mq",
				"Priority": 1,
				"ImagePath": "",
				"CountryDescription": "",
				"Show": true
			},

			{
				"TravelAdvice": "http://smartraveller.gov.au/Countries/americas/caribbean/Pages/puerto_rico.aspx",
				"CountryName": "Puerto Rico",
				"CountryCode": "pr",
				"Priority": 1,
				"ImagePath": "",
				"CountryDescription": "",
				"Show": true
			},

			{
				"TravelAdvice": "no separate advice",
				"CountryName": "St Barth�lemy",
				"CountryCode": "bl",
				"Priority": 1,
				"ImagePath": "",
				"CountryDescription": "",
				"Show": true
			},

			{
				"TravelAdvice": "https://www.gov.uk/foreign-travel-advice/st-vincent-and-the-grenadines",
				"CountryName": "St Vincent and the Grenadines",
				"CountryCode": "vc",
				"Priority": 1,
				"ImagePath": "",
				"CountryDescription": "",
				"Show": true
			},

			{
				"TravelAdvice": "https://www.gov.uk/foreign-travel-advice/st-lucia",
				"CountryName": "St Lucia",
				"CountryCode": "lc",
				"Priority": 1,
				"ImagePath": "",
				"CountryDescription": "",
				"Show": true
			},

			{
				"TravelAdvice": "no separate advice",
				"CountryName": "St Martin",
				"CountryCode": "mf",
				"Priority": 1,
				"ImagePath": "",
				"CountryDescription": "",
				"Show": true
			},


			{
				"TravelAdvice": "https://www.gov.uk/foreign-travel-advice/st-maarten",
				"CountryName": "St Maarten (Sint Maarten)",
				"CountryCode": "sx",
				"Priority": 1,
				"ImagePath": "",
				"CountryDescription": "",
				"Show": true
			},

			{
				"TravelAdvice": "https://www.gov.uk/foreign-travel-advice/st-kitts-and-nevis",
				"CountryName": "St Kitts and Nevis",
				"CountryCode": "kn",
				"Priority": 1,
				"ImagePath": "",
				"CountryDescription": "",
				"Show": true
			},

			{
				"TravelAdvice": "http://smartraveller.gov.au/Countries/americas/caribbean/Pages/trinidad_and_tobago.aspx",
				"CountryName": "Trinidad and Tobago",
				"CountryCode": "tt",
				"Priority": 1,
				"ImagePath": "",
				"CountryDescription": "",
				"Show": true
			},

			{
				"TravelAdvice": "http://smartraveller.gov.au/Countries/americas/caribbean/Pages/bahamas.aspx",
				"CountryName": "The Bahamas",
				"CountryCode": "bs",
				"Priority": 1,
				"ImagePath": "",
				"CountryDescription": "",
				"Show": true
			},

			{
				"TravelAdvice": "https://www.gov.uk/foreign-travel-advice/turks-and-caicos-islands",
				"CountryName": "Turks and Caicos Islands",
				"CountryCode": "tc",
				"Priority": 1,
				"ImagePath": "",
				"CountryDescription": "",
				"Show": true
			},

			{
				"TravelAdvice": "no separate advice",
				"CountryName": "US Virgin Islands",
				"CountryCode": "vi",
				"Priority": 1,
				"ImagePath": "",
				"CountryDescription": "",
				"Show": true
			}

			]

	},

	"Central America": {
		"RegionName": "Central America",
		"ImagePath": "/images/regions/centralamerica.jpg",
		"RegionDescription": "x y z",
		"Countries": [
			{
				"TravelAdvice": "http://smartraveller.gov.au/Countries/americas/central/Pages/belize.aspx",
				"CountryName": "Belize",
				"CountryCode": "bz",
				"Priority": 1,
				"ImagePath": "",
				"CountryDescription": "",
				"Show": true
			},


			{
				"TravelAdvice": "http://smartraveller.gov.au/Countries/americas/central/Pages/costa_rica.aspx",
				"CountryName": "Costa Rica",
				"CountryCode": "cr",
				"Priority": 1,
				"ImagePath": "",
				"CountryDescription": "",
				"Show": true
			},

			{
				"TravelAdvice": "http://smartraveller.gov.au/Countries/americas/central/Pages/el_salvador.aspx",
				"CountryName": "El Salvador",
				"CountryCode": "sv",
				"Priority": 1,
				"ImagePath": "",
				"CountryDescription": "",
				"Show": true
			},

			{
				"TravelAdvice": "http://smartraveller.gov.au/Countries/americas/central/Pages/guatemala.aspx",
				"CountryName": "Guatemala",
				"CountryCode": "gt",
				"Priority": 1,
				"ImagePath": "",
				"CountryDescription": "",
				"Show": true
			},

			{
				"TravelAdvice": "http://smartraveller.gov.au/Countries/americas/central/Pages/honduras.aspx",
				"CountryName": "Honduras",
				"CountryCode": "hn",
				"Priority": 1,
				"ImagePath": "",
				"CountryDescription": "",
				"Show": true
			},

			{
				"TravelAdvice": "http://smartraveller.gov.au/Countries/americas/central/Pages/nicaragua.aspx",
				"CountryName": "Nicaragua",
				"CountryCode": "ni",
				"Priority": 1,
				"ImagePath": "",
				"CountryDescription": "",
				"Show": true
			},


			{
				"TravelAdvice": "http://smartraveller.gov.au/Countries/americas/central/Pages/panama.aspx",
				"CountryName": "Panama",
				"CountryCode": "pa",
				"Priority": 1,
				"ImagePath": "",
				"CountryDescription": "",
				"Show": true
			}

			]

	},

	"Europe": {
		"RegionName": "Europe",
		"ImagePath": "/images/regions/europe.jpg",
		"RegionDescription": "x y z",
		"Countries": [
			{
				"TravelAdvice": "http://smartraveller.gov.au/Countries/europe/southern/Pages/albania.aspx",
				"CountryName": "Albania",
				"CountryCode": "al",
				"Priority": 1,
				"ImagePath": "",
				"CountryDescription": "",
				"Show": true
			},

			{
				"TravelAdvice": "http://smartraveller.gov.au/Countries/europe/eastern/Pages/azerbaijan.aspx",
				"CountryName": "Azerbaijan",
				"CountryCode": "az",
				"Priority": 1,
				"ImagePath": "",
				"CountryDescription": "",
				"Show": true
			},


			{
				"TravelAdvice": "http://smartraveller.gov.au/Countries/europe/eastern/Pages/armenia.aspx",
				"CountryName": "Armenia",
				"CountryCode": "am",
				"Priority": 1,
				"ImagePath": "",
				"CountryDescription": "",
				"Show": true
			},

			{
				"TravelAdvice": "https://www.gov.uk/foreign-travel-advice/andorra",
				"CountryName": "Andorra",
				"CountryCode": "ad",
				"Priority": 1,
				"ImagePath": "",
				"CountryDescription": "",
				"Show": true
			},


			{
				"TravelAdvice": "http://smartraveller.gov.au/Countries/europe/western/Pages/austria.aspx",
				"CountryName": "Austria",
				"CountryCode": "at",
				"Priority": 1,
				"ImagePath": "",
				"CountryDescription": "",
				"Show": true
			},

			{
				"TravelAdvice": "http://smartraveller.gov.au/Countries/europe/eastern/Pages/belarus.aspx",
				"CountryName": "Belarus",
				"CountryCode": "by",
				"Priority": 1,
				"ImagePath": "",
				"CountryDescription": "",
				"Show": true
			},

			{
				"TravelAdvice": "http://smartraveller.gov.au/Countries/europe/eastern/Pages/bulgaria.aspx",
				"CountryName": "Bulgaria",
				"CountryCode": "bg",
				"Priority": 1,
				"ImagePath": "",
				"CountryDescription": "",
				"Show": true
			},

			{
				"TravelAdvice": "http://smartraveller.gov.au/Countries/europe/western/Pages/belgium.aspx",
				"CountryName": "Belgium",
				"CountryCode": "be",
				"Priority": 1,
				"ImagePath": "",
				"CountryDescription": "",
				"Show": true
			},

			{
				"TravelAdvice": "http://smartraveller.gov.au/Countries/europe/southern/Pages/bosnia_and_herzegovina.aspx",
				"CountryName": "Bosnia and Herzegovina",
				"CountryCode": "ba",
				"Priority": 1,
				"ImagePath": "",
				"CountryDescription": "",
				"Show": true
			},

			{
				"TravelAdvice": "http://smartraveller.gov.au/Countries/europe/eastern/Pages/czech_republic.aspx",
				"CountryName": "Czech Republic",
				"CountryCode": "cz",
				"Priority": 1,
				"ImagePath": "",
				"CountryDescription": "",
				"Show": true
			},          

			{
				"TravelAdvice": "http://smartraveller.gov.au/Countries/europe/southern/Pages/croatia.aspx",
				"CountryName": "Croatia",
				"CountryCode": "hr",
				"Priority": 1,
				"ImagePath": "",
				"CountryDescription": "",
				"Show": true
			},                                        


			{
				"TravelAdvice": "http://smartraveller.gov.au/Countries/europe/southern/Pages/cyprus.aspx",
				"CountryName": "Cyprus",
				"CountryCode": "cy",
				"Priority": 1,
				"ImagePath": "",
				"CountryDescription": "",
				"Show": true
			},


			{
				"TravelAdvice": "http://smartraveller.gov.au/Countries/europe/northern/Pages/denmark.aspx",
				"CountryName": "Denmark",
				"CountryCode": "dk",
				"Priority": 1,
				"ImagePath": "",
				"CountryDescription": "",
				"Show": true
			},

			{
				"TravelAdvice": "http://smartraveller.gov.au/Countries/europe/northern/Pages/united_kingdom.aspx",
				"CountryName": "United Kingdom",
				"CountryCode": "uk",
				"Priority": 1,
				"ImagePath": "",
				"CountryDescription": "",
				"Show": true
			},       

			{
				"TravelAdvice": "http://smartraveller.gov.au/Countries/europe/northern/Pages/estonia.aspx",
				"CountryName": "Estonia",
				"CountryCode": "ee",
				"Priority": 1,
				"ImagePath": "",
				"CountryDescription": "",
				"Show": true
			},                                            


			{
				"TravelAdvice": "http://smartraveller.gov.au/Countries/europe/western/Pages/france.aspx",
				"CountryName": "France",
				"CountryCode": "fr",
				"Priority": 1,
				"ImagePath": "",
				"CountryDescription": "",
				"Show": true
			},                                            


			{
				"TravelAdvice": "http://smartraveller.gov.au/Countries/europe/northern/Pages/finland.aspx",
				"CountryName": "Finland",
				"CountryCode": "fi",
				"Priority": 1,
				"ImagePath": "",
				"CountryDescription": "",
				"Show": true
			},


			{
				"TravelAdvice": "http://smartraveller.gov.au/Countries/europe/northern/Pages/greenland.aspx",
				"CountryName": "Greenland",
				"CountryCode": "gl",
				"Priority": 1,
				"ImagePath": "",
				"CountryDescription": "",
				"Show": true
			},          

			{
				"TravelAdvice": "http://smartraveller.gov.au/Countries/europe/western/Pages/germany.aspx",
				"CountryName": "Germany",
				"CountryCode": "de",
				"Priority": 1,
				"ImagePath": "",
				"CountryDescription": "",
				"Show": true
			},


			{
				"TravelAdvice": "http://smartraveller.gov.au/Countries/europe/eastern/Pages/georgia.aspx",
				"CountryName": "Georgia",
				"CountryCode": "ge",
				"Priority": 1,
				"ImagePath": "",
				"CountryDescription": "",
				"Show": true
			},

			{
				"TravelAdvice": "http://smartraveller.gov.au/Countries/europe/southern/Pages/greece.aspx",
				"CountryName": "Greece",
				"CountryCode": "gr",
				"Priority": 1,
				"ImagePath": "",
				"CountryDescription": "",
				"Show": true
			},

			{
				"TravelAdvice": "http://smartraveller.gov.au/Countries/europe/eastern/Pages/hungary.aspx",
				"CountryName": "Hungary",
				"CountryCode": "hu",
				"Priority": 1,
				"ImagePath": "",
				"CountryDescription": "",
				"Show": true
			},


			{
				"TravelAdvice": "http://smartraveller.gov.au/Countries/europe/northern/Pages/iceland.aspx",
				"CountryName": "Iceland",
				"CountryCode": "is",
				"Priority": 1,
				"ImagePath": "",
				"CountryDescription": "",
				"Show": true
			},  

			{
				"TravelAdvice": "http://smartraveller.gov.au/Countries/europe/northern/Pages/ireland.aspx",
				"CountryName": "Ireland",
				"CountryCode": "ie",
				"Priority": 1,
				"ImagePath": "",
				"CountryDescription": "",
				"Show": true
			},


			{
				"TravelAdvice": "http://smartraveller.gov.au/Countries/europe/southern/Pages/italy.aspx",
				"CountryName": "Italy",
				"CountryCode": "it",
				"Priority": 1,
				"ImagePath": "",
				"CountryDescription": "",
				"Show": true
			},


			{
				"TravelAdvice": "http://smartraveller.gov.au/Countries/europe/southern/Pages/kosovo.aspx",
				"CountryName": "Kosovo",
				"CountryCode": "xk",
				"Priority": 1,
				"ImagePath": "",
				"CountryDescription": "",
				"Show": true
			},

			{
				"TravelAdvice": "https://www.gov.uk/foreign-travel-advice/liechtenstein",
				"CountryName": "Liechtenstein",
				"CountryCode": "li",
				"Priority": 1,
				"ImagePath": "",
				"CountryDescription": "",
				"Show": true
			},

			{
				"TravelAdvice": "https://www.gov.uk/foreign-travel-advice/luxembourg",
				"CountryName": "Luxembourg",
				"CountryCode": "lu",
				"Priority": 1,
				"ImagePath": "",
				"CountryDescription": "",
				"Show": true
			},


			{
				"TravelAdvice": "http://smartraveller.gov.au/Countries/europe/northern/Pages/lithuania.aspx",
				"CountryName": "Lithuania",
				"CountryCode": "lt",
				"Priority": 1,
				"ImagePath": "",
				"CountryDescription": "",
				"Show": true
			},

			{
				"TravelAdvice": "http://smartraveller.gov.au/Countries/europe/northern/Pages/latvia.aspx",
				"CountryName": "Latvia",
				"CountryCode": "lv",
				"Priority": 1,
				"ImagePath": "",
				"CountryDescription": "",
				"Show": true
			}, 

			{
				"TravelAdvice": "http://smartraveller.gov.au/Countries/europe/eastern/Pages/moldova.aspx",
				"CountryName": "Moldova",
				"CountryCode": "md",
				"Priority": 1,
				"ImagePath": "",
				"CountryDescription": "",
				"Show": true
			},

			{
				"TravelAdvice": "https://www.gov.uk/foreign-travel-advice/monaco",
				"CountryName": "Monaco",
				"CountryCode": "mc",
				"Priority": 1,
				"ImagePath": "",
				"CountryDescription": "",
				"Show": true
			},


			{
				"TravelAdvice": "http://smartraveller.gov.au/Countries/europe/southern/Pages/montenegro.aspx",
				"CountryName": "Montenegro",
				"CountryCode": "me",
				"Priority": 1,
				"ImagePath": "",
				"CountryDescription": "",
				"Show": true
			}, 

			{
				"TravelAdvice": "http://smartraveller.gov.au/Countries/europe/southern/Pages/malta.aspx",
				"CountryName": "Malta",
				"CountryCode": "mt",
				"Priority": 1,
				"ImagePath": "",
				"CountryDescription": "",
				"Show": true
			},


			{
				"TravelAdvice": "http://smartraveller.gov.au/Countries/europe/southern/Pages/former_yugoslav_republic_of_macedonia.aspx",
				"CountryName": "Macedonia",
				"CountryCode": "mk",
				"Priority": 1,
				"ImagePath": "",
				"CountryDescription": "",
				"Show": true
			},

			{
				"TravelAdvice": "http://smartraveller.gov.au/Countries/europe/northern/Pages/norway.aspx",
				"CountryName": "Norway",
				"CountryCode": "no",
				"Priority": 1,
				"ImagePath": "",
				"CountryDescription": "",
				"Show": true
			}, 

			{
				"TravelAdvice": "http://smartraveller.gov.au/Countries/europe/southern/Pages/portugal.aspx",
				"CountryName": "Portugal",
				"CountryCode": "pt",
				"Priority": 1,
				"ImagePath": "",
				"CountryDescription": "",
				"Show": true
			},


			{
				"TravelAdvice": "http://smartraveller.gov.au/Countries/europe/eastern/Pages/poland.aspx",
				"CountryName": "Poland",
				"CountryCode": "pl",
				"Priority": 1,
				"ImagePath": "",
				"CountryDescription": "",
				"Show": true
			},

			{
				"TravelAdvice": "http://smartraveller.gov.au/Countries/europe/eastern/Pages/russia.aspx",
				"CountryName": "Russia",
				"CountryCode": "ru",
				"Priority": 1,
				"ImagePath": "",
				"CountryDescription": "",
				"Show": true
			}, 


			{
				"TravelAdvice": "http://smartraveller.gov.au/Countries/europe/eastern/Pages/romania.aspxhttp://smartraveller.gov.au/Countries/europe/eastern/Pages/romania.aspx",
				"CountryName": "Romania",
				"CountryCode": "ro",
				"Priority": 1,
				"ImagePath": "",
				"CountryDescription": "",
				"Show": true
			},


			{
				"TravelAdvice": "http://smartraveller.gov.au/Countries/europe/northern/Pages/sweden.aspx",
				"CountryName": "Sweden",
				"CountryCode": "se",
				"Priority": 1,
				"ImagePath": "",
				"CountryDescription": "",
				"Show": true
			},

			{
				"TravelAdvice": "https://www.gov.uk/foreign-travel-advice/slovenia",
				"CountryName": "Slovenia",
				"CountryCode": "si",
				"Priority": 1,
				"ImagePath": "",
				"CountryDescription": "",
				"Show": true
			},


			{
				"TravelAdvice": "http://smartraveller.gov.au/Countries/europe/southern/Pages/serbia.aspx",
				"CountryName": "Serbia",
				"CountryCode": "rs",
				"Priority": 1,
				"ImagePath": "",
				"CountryDescription": "",
				"Show": true
			},

			{
				"TravelAdvice": "http://smartraveller.gov.au/Countries/europe/southern/Pages/spain.aspx",
				"CountryName": "Spain",
				"CountryCode": "es",
				"Priority": 1,
				"ImagePath": "",
				"CountryDescription": "",
				"Show": true
			}, 

			{
				"TravelAdvice": "http://smartraveller.gov.au/Countries/europe/western/Pages/switzerland.aspx",
				"CountryName": "Switzerland",
				"CountryCode": "ch",
				"Priority": 1,
				"ImagePath": "",
				"CountryDescription": "",
				"Show": true
			}, 

			{
				"TravelAdvice": "https://www.gov.uk/foreign-travel-advice/slovakia",
				"CountryName": "Slovakia",
				"CountryCode": "sk",
				"Priority": 1,
				"ImagePath": "",
				"CountryDescription": "",
				"Show": true
			}, 


			{
				"TravelAdvice": "https://www.gov.uk/foreign-travel-advice/san-marino",
				"CountryName": "San Marino",
				"CountryCode": "sm",
				"Priority": 1,
				"ImagePath": "",
				"CountryDescription": "",
				"Show": true
			}, 

			{
				"TravelAdvice": "http://smartraveller.gov.au/Countries/europe/southern/Pages/turkey.aspx",
				"CountryName": "Turkey",
				"CountryCode": "tr",
				"Priority": 1,
				"ImagePath": "",
				"CountryDescription": "",
				"Show": true
			}, 


			{
				"TravelAdvice": "http://smartraveller.gov.au/Countries/europe/western/Pages/netherlands.aspx",
				"CountryName": "Netherlands",
				"CountryCode": "nl",
				"Priority": 1,
				"ImagePath": "",
				"CountryDescription": "",
				"Show": true
			}, 
			{
				"TravelAdvice": "http://smartraveller.gov.au/Countries/europe/eastern/Pages/ukraine.aspx",
				"CountryName": "Ukraine",
				"CountryCode": "ua",
				"Priority": 1,
				"ImagePath": "",
				"CountryDescription": "",
				"Show": true
			}, 

			{
				"TravelAdvice": "no separate travel advice",
				"CountryName": "Faroe Islands",
				"CountryCode": "fo",
				"Priority": 1,
				"ImagePath": "",
				"CountryDescription": "",
				"Show": true
			},

			{
				"TravelAdvice": "https://www.gov.uk/foreign-travel-advice/gibraltar",
				"CountryName": "Gibraltar",
				"CountryCode": "gi",
				"Priority": 1,
				"ImagePath": "",
				"CountryDescription": "",
				"Show": true
			}

			]

	},

	"Middle East": {
		"RegionName": "Middle East",
		"ImagePath": "/images/regions/middleeast.jpg",
		"RegionDescription": "x y z",
		"Countries": [
			{
				"TravelAdvice": "http://smartraveller.gov.au/Countries/middle-east/Pages/bahrain.aspx",
				"CountryName": "Bahrain",
				"CountryCode": "bh",
				"Priority": 1,
				"ImagePath": "",
				"CountryDescription": "",
				"Show": true
			},


			{
				"TravelAdvice": "http://smartraveller.gov.au/Countries/middle-east/Pages/iran.aspx",
				"CountryName": "Iran",
				"CountryCode": "ir",
				"Priority": 1,
				"ImagePath": "",
				"CountryDescription": "",
				"Show": true
			},


			{
				"TravelAdvice": "http://smartraveller.gov.au/Countries/middle-east/Pages/israel_gaza_strip_and_west_bank.aspx",
				"CountryName": "Israel",
				"CountryCode": "il",
				"Priority": 1,
				"ImagePath": "",
				"CountryDescription": "",
				"Show": true
			},

			{
				"TravelAdvice": "http://smartraveller.gov.au/Countries/middle-east/Pages/jordan.aspx",
				"CountryName": "Jordan",
				"CountryCode": "jo",
				"Priority": 1,
				"ImagePath": "",
				"CountryDescription": "",
				"Show": true
			},

			{
				"TravelAdvice": "http://smartraveller.gov.au/Countries/middle-east/Pages/iraq.aspx",
				"CountryName": "Iraq",
				"CountryCode": "iq",
				"Priority": 1,
				"ImagePath": "",
				"CountryDescription": "",
				"Show": false
			},

			{
				"TravelAdvice": "http://smartraveller.gov.au/Countries/middle-east/Pages/kuwait.aspx",
				"CountryName": "Kuwait",
				"CountryCode": "kw",
				"Priority": 1,
				"ImagePath": "",
				"CountryDescription": "",
				"Show": true
			},

			{
				"TravelAdvice": "http://smartraveller.gov.au/Countries/middle-east/Pages/lebanon.aspx",
				"CountryName": "Lebanon",
				"CountryCode": "lb",
				"Priority": 1,
				"ImagePath": "",
				"CountryDescription": "",
				"Show": true
			},

			{
				"TravelAdvice": "http://smartraveller.gov.au/Countries/middle-east/Pages/oman.aspx",
				"CountryName": "Oman",
				"CountryCode": "om",
				"Priority": 1,
				"ImagePath": "",
				"CountryDescription": "",
				"Show": true
			},

			{
				"TravelAdvice": "http://smartraveller.gov.au/Countries/middle-east/Pages/israel_gaza_strip_and_west_bank.aspx",
				"CountryName": "Palestinian Territories",
				"CountryCode": "ps",
				"Priority": 1,
				"ImagePath": "",
				"CountryDescription": "",
				"Show": true
			},


			{
				"TravelAdvice": "http://smartraveller.gov.au/Countries/middle-east/Pages/qatar.aspx",
				"CountryName": "Qatar",
				"CountryCode": "qa",
				"Priority": 1,
				"ImagePath": "",
				"CountryDescription": "",
				"Show": true
			},

			{
				"TravelAdvice": "http://smartraveller.gov.au/Countries/middle-east/Pages/syria.aspx",
				"CountryName": "Syria",
				"CountryCode": "sy",
				"Priority": 1,
				"ImagePath": "",
				"CountryDescription": "",
				"Show": false
			},

			{
				"TravelAdvice": "http://smartraveller.gov.au/Countries/middle-east/Pages/saudi_arabia.aspx",
				"CountryName": "Saudi Arabia",
				"CountryCode": "sa",
				"Priority": 1,
				"ImagePath": "",
				"CountryDescription": "",
				"Show": true
			},

			{
				"TravelAdvice": "http://smartraveller.gov.au/Countries/middle-east/Pages/united_arab_emirates.aspx",
				"CountryName": "United Arab Emirates",
				"CountryCode": "ae",
				"Priority": 1,
				"ImagePath": "",
				"CountryDescription": "",
				"Show": true
			},



			{
				"TravelAdvice": "http://smartraveller.gov.au/Countries/middle-east/Pages/yemen.aspx",
				"CountryName": "Yemen",
				"CountryCode": "ye",
				"Priority": 1,
				"ImagePath": "",
				"CountryDescription": "",
				"Show": false
			}

			]

	},

	"North America": {
		"RegionName": "North America",
		"ImagePath": "/images/regions/northamerica.jpg",
		"RegionDescription": "x y z",
		"Countries": [
			{
				"TravelAdvice": "http://smartraveller.gov.au/Countries/americas/north/Pages/canada.aspx",
				"CountryName": "Canada",
				"CountryCode": "ca",
				"Priority": 1,
				"ImagePath": "",
				"CountryDescription": "",
				"Show": true
			},

			{
				"TravelAdvice": "http://smartraveller.gov.au/Countries/americas/north/Pages/united_states_of_america.aspx",
				"CountryName": "United States of America",
				"CountryCode": "us",
				"Priority": 1,
				"ImagePath": "",
				"CountryDescription": "",
				"Show": true
			},


			{
				"TravelAdvice": "http://smartraveller.gov.au/Countries/americas/central/Pages/mexico.aspx",
				"CountryName": "Mexico",
				"CountryCode": "mx",
				"Priority": 1,
				"ImagePath": "",
				"CountryDescription": "",
				"Show": true
			}

			]

	},

	"South America": {
		"RegionName": "South America",
		"ImagePath": "/images/regions/southamerica.jpg",
		"RegionDescription": "x y z",
		"Countries": [
			{
				"TravelAdvice": "http://smartraveller.gov.au/Countries/americas/south/Pages/argentina.aspx",
				"CountryName": "Argentina",
				"CountryCode": "ar",
				"Priority": 1,
				"ImagePath": "",
				"CountryDescription": "",
				"Show": true
			},

			{
				"TravelAdvice": "http://smartraveller.gov.au/Countries/americas/south/Pages/bolivia.aspx",
				"CountryName": "Bolivia",
				"CountryCode": "bo",
				"Priority": 1,
				"ImagePath": "",
				"CountryDescription": "",
				"Show": true
			},

			{
				"TravelAdvice": "http://smartraveller.gov.au/Countries/americas/south/Pages/brazil.aspx",
				"CountryName": "Brazil",
				"CountryCode": "br",
				"Priority": 1,
				"ImagePath": "",
				"CountryDescription": "",
				"Show": true
			},


			{
				"TravelAdvice": "http://smartraveller.gov.au/Countries/americas/south/Pages/colombia.aspx",
				"CountryName": "Colombia",
				"CountryCode": "co",
				"Priority": 1,
				"ImagePath": "",
				"CountryDescription": "",
				"Show": true
			},

			{
				"TravelAdvice": "http://smartraveller.gov.au/Countries/americas/south/Pages/colombia.aspx",
				"CountryName": "Colombia",
				"CountryCode": "co",
				"Priority": 1,
				"ImagePath": "",
				"CountryDescription": "",
				"Show": true
			},


			{
				"TravelAdvice": "http://smartraveller.gov.au/Countries/americas/south/Pages/chile.aspx",
				"CountryName": "Chile",
				"CountryCode": "cl",
				"Priority": 1,
				"ImagePath": "",
				"CountryDescription": "",
				"Show": true
			},

			{
				"TravelAdvice": "http://smartraveller.gov.au/Countries/americas/south/Pages/ecuador.aspx",
				"CountryName": "Ecuador",
				"CountryCode": "ec",
				"Priority": 1,
				"ImagePath": "",
				"CountryDescription": "",
				"Show": true
			},

			{
				"TravelAdvice": "http://smartraveller.gov.au/Countries/americas/south/Pages/guyana.aspx",
				"CountryName": "Guyana",
				"CountryCode": "gy",
				"Priority": 1,
				"ImagePath": "",
				"CountryDescription": "",
				"Show": true
			},


			{
				"TravelAdvice": "http://smartraveller.gov.au/Countries/americas/south/Pages/paraguay.aspx",
				"CountryName": "Paraguay",
				"CountryCode": "py",
				"Priority": 1,
				"ImagePath": "",
				"CountryDescription": "",
				"Show": true
			},

			{
				"TravelAdvice": "http://smartraveller.gov.au/Countries/americas/south/Pages/peru.aspx",
				"CountryName": "Peru",
				"CountryCode": "pe",
				"Priority": 1,
				"ImagePath": "",
				"CountryDescription": "",
				"Show": true
			},

			{
				"TravelAdvice": "https://www.gov.uk/foreign-travel-advice/suriname",
				"CountryName": "Suriname",
				"CountryCode": "sr",
				"Priority": 1,
				"ImagePath": "",
				"CountryDescription": "",
				"Show": true
			},

			{
				"TravelAdvice": "http://smartraveller.gov.au/Countries/americas/south/Pages/uruguay.aspx",
				"CountryName": "Uruguay",
				"CountryCode": "uy",
				"Priority": 1,
				"ImagePath": "",
				"CountryDescription": "",
				"Show": true
			},

			{
				"TravelAdvice": "http://smartraveller.gov.au/Countries/americas/south/Pages/venezuela.aspx",
				"CountryName": "Venezuela",
				"CountryCode": "ve",
				"Priority": 1,
				"ImagePath": "",
				"CountryDescription": "",
				"Show": true
			}
			]
	}
}